Num. Voters,rank1,rank2,rank3
2811,-,-,-
119,ARNOLD FIELDS,-,-
3,ARNOLD FIELDS,DON MACLEAY,-
1,ARNOLD FIELDS,DON MACLEAY,DON PERATA
11,ARNOLD FIELDS,DON MACLEAY,GREG HARLAND
4,ARNOLD FIELDS,DON MACLEAY,JEAN QUAN
2,ARNOLD FIELDS,DON MACLEAY,JOE TUMAN
3,ARNOLD FIELDS,DON MACLEAY,LARRY LIONEL ''LL'' YOUNG JR.
4,ARNOLD FIELDS,DON MACLEAY,MARCIE HODGE
3,ARNOLD FIELDS,DON MACLEAY,REBECCA KAPLAN
10,ARNOLD FIELDS,DON MACLEAY,TERENCE CANDELL
16,ARNOLD FIELDS,DON PERATA,-
1,ARNOLD FIELDS,DON PERATA,DON MACLEAY
8,ARNOLD FIELDS,DON PERATA,GREG HARLAND
15,ARNOLD FIELDS,DON PERATA,JEAN QUAN
9,ARNOLD FIELDS,DON PERATA,JOE TUMAN
4,ARNOLD FIELDS,DON PERATA,LARRY LIONEL ''LL'' YOUNG JR.
6,ARNOLD FIELDS,DON PERATA,MARCIE HODGE
13,ARNOLD FIELDS,DON PERATA,REBECCA KAPLAN
9,ARNOLD FIELDS,DON PERATA,TERENCE CANDELL
18,ARNOLD FIELDS,GREG HARLAND,-
15,ARNOLD FIELDS,GREG HARLAND,DON MACLEAY
6,ARNOLD FIELDS,GREG HARLAND,DON PERATA
7,ARNOLD FIELDS,GREG HARLAND,JEAN QUAN
15,ARNOLD FIELDS,GREG HARLAND,JOE TUMAN
5,ARNOLD FIELDS,GREG HARLAND,LARRY LIONEL ''LL'' YOUNG JR.
3,ARNOLD FIELDS,GREG HARLAND,MARCIE HODGE
3,ARNOLD FIELDS,GREG HARLAND,REBECCA KAPLAN
19,ARNOLD FIELDS,GREG HARLAND,TERENCE CANDELL
15,ARNOLD FIELDS,JEAN QUAN,-
5,ARNOLD FIELDS,JEAN QUAN,DON MACLEAY
17,ARNOLD FIELDS,JEAN QUAN,DON PERATA
7,ARNOLD FIELDS,JEAN QUAN,GREG HARLAND
4,ARNOLD FIELDS,JEAN QUAN,JOE TUMAN
5,ARNOLD FIELDS,JEAN QUAN,LARRY LIONEL ''LL'' YOUNG JR.
5,ARNOLD FIELDS,JEAN QUAN,MARCIE HODGE
23,ARNOLD FIELDS,JEAN QUAN,REBECCA KAPLAN
11,ARNOLD FIELDS,JEAN QUAN,TERENCE CANDELL
23,ARNOLD FIELDS,JOE TUMAN,-
10,ARNOLD FIELDS,JOE TUMAN,DON MACLEAY
12,ARNOLD FIELDS,JOE TUMAN,DON PERATA
14,ARNOLD FIELDS,JOE TUMAN,GREG HARLAND
10,ARNOLD FIELDS,JOE TUMAN,JEAN QUAN
7,ARNOLD FIELDS,JOE TUMAN,LARRY LIONEL ''LL'' YOUNG JR.
11,ARNOLD FIELDS,JOE TUMAN,MARCIE HODGE
13,ARNOLD FIELDS,JOE TUMAN,REBECCA KAPLAN
14,ARNOLD FIELDS,JOE TUMAN,TERENCE CANDELL
10,ARNOLD FIELDS,LARRY LIONEL ''LL'' YOUNG JR.,-
4,ARNOLD FIELDS,LARRY LIONEL ''LL'' YOUNG JR.,DON MACLEAY
1,ARNOLD FIELDS,LARRY LIONEL ''LL'' YOUNG JR.,DON PERATA
4,ARNOLD FIELDS,LARRY LIONEL ''LL'' YOUNG JR.,GREG HARLAND
1,ARNOLD FIELDS,LARRY LIONEL ''LL'' YOUNG JR.,JEAN QUAN
5,ARNOLD FIELDS,LARRY LIONEL ''LL'' YOUNG JR.,JOE TUMAN
3,ARNOLD FIELDS,LARRY LIONEL ''LL'' YOUNG JR.,MARCIE HODGE
2,ARNOLD FIELDS,LARRY LIONEL ''LL'' YOUNG JR.,REBECCA KAPLAN
7,ARNOLD FIELDS,LARRY LIONEL ''LL'' YOUNG JR.,TERENCE CANDELL
3,ARNOLD FIELDS,MARCIE HODGE,-
6,ARNOLD FIELDS,MARCIE HODGE,DON MACLEAY
3,ARNOLD FIELDS,MARCIE HODGE,DON PERATA
1,ARNOLD FIELDS,MARCIE HODGE,GREG HARLAND
3,ARNOLD FIELDS,MARCIE HODGE,JEAN QUAN
4,ARNOLD FIELDS,MARCIE HODGE,JOE TUMAN
3,ARNOLD FIELDS,MARCIE HODGE,LARRY LIONEL ''LL'' YOUNG JR.
7,ARNOLD FIELDS,MARCIE HODGE,REBECCA KAPLAN
4,ARNOLD FIELDS,MARCIE HODGE,TERENCE CANDELL
5,ARNOLD FIELDS,REBECCA KAPLAN,-
5,ARNOLD FIELDS,REBECCA KAPLAN,DON MACLEAY
9,ARNOLD FIELDS,REBECCA KAPLAN,DON PERATA
5,ARNOLD FIELDS,REBECCA KAPLAN,GREG HARLAND
13,ARNOLD FIELDS,REBECCA KAPLAN,JEAN QUAN
5,ARNOLD FIELDS,REBECCA KAPLAN,JOE TUMAN
2,ARNOLD FIELDS,REBECCA KAPLAN,LARRY LIONEL ''LL'' YOUNG JR.
6,ARNOLD FIELDS,REBECCA KAPLAN,MARCIE HODGE
9,ARNOLD FIELDS,REBECCA KAPLAN,TERENCE CANDELL
8,ARNOLD FIELDS,TERENCE CANDELL,-
6,ARNOLD FIELDS,TERENCE CANDELL,DON MACLEAY
10,ARNOLD FIELDS,TERENCE CANDELL,DON PERATA
14,ARNOLD FIELDS,TERENCE CANDELL,GREG HARLAND
5,ARNOLD FIELDS,TERENCE CANDELL,JEAN QUAN
12,ARNOLD FIELDS,TERENCE CANDELL,JOE TUMAN
9,ARNOLD FIELDS,TERENCE CANDELL,LARRY LIONEL ''LL'' YOUNG JR.
1,ARNOLD FIELDS,TERENCE CANDELL,MARCIE HODGE
5,ARNOLD FIELDS,TERENCE CANDELL,REBECCA KAPLAN
83,DON MACLEAY,-,-
8,DON MACLEAY,ARNOLD FIELDS,-
3,DON MACLEAY,ARNOLD FIELDS,DON PERATA
8,DON MACLEAY,ARNOLD FIELDS,GREG HARLAND
3,DON MACLEAY,ARNOLD FIELDS,JEAN QUAN
9,DON MACLEAY,ARNOLD FIELDS,JOE TUMAN
5,DON MACLEAY,ARNOLD FIELDS,LARRY LIONEL ''LL'' YOUNG JR.
2,DON MACLEAY,ARNOLD FIELDS,MARCIE HODGE
8,DON MACLEAY,ARNOLD FIELDS,REBECCA KAPLAN
4,DON MACLEAY,ARNOLD FIELDS,TERENCE CANDELL
14,DON MACLEAY,DON PERATA,-
3,DON MACLEAY,DON PERATA,ARNOLD FIELDS
4,DON MACLEAY,DON PERATA,GREG HARLAND
17,DON MACLEAY,DON PERATA,JEAN QUAN
7,DON MACLEAY,DON PERATA,JOE TUMAN
9,DON MACLEAY,DON PERATA,LARRY LIONEL ''LL'' YOUNG JR.
3,DON MACLEAY,DON PERATA,MARCIE HODGE
8,DON MACLEAY,DON PERATA,REBECCA KAPLAN
4,DON MACLEAY,DON PERATA,TERENCE CANDELL
10,DON MACLEAY,GREG HARLAND,-
6,DON MACLEAY,GREG HARLAND,ARNOLD FIELDS
1,DON MACLEAY,GREG HARLAND,DON PERATA
1,DON MACLEAY,GREG HARLAND,JEAN QUAN
10,DON MACLEAY,GREG HARLAND,JOE TUMAN
1,DON MACLEAY,GREG HARLAND,MARCIE HODGE
7,DON MACLEAY,GREG HARLAND,TERENCE CANDELL
45,DON MACLEAY,JEAN QUAN,-
6,DON MACLEAY,JEAN QUAN,ARNOLD FIELDS
24,DON MACLEAY,JEAN QUAN,DON PERATA
2,DON MACLEAY,JEAN QUAN,GREG HARLAND
42,DON MACLEAY,JEAN QUAN,JOE TUMAN
4,DON MACLEAY,JEAN QUAN,LARRY LIONEL ''LL'' YOUNG JR.
13,DON MACLEAY,JEAN QUAN,MARCIE HODGE
679,DON MACLEAY,JEAN QUAN,REBECCA KAPLAN
13,DON MACLEAY,JEAN QUAN,TERENCE CANDELL
9,DON MACLEAY,JOE TUMAN,-
3,DON MACLEAY,JOE TUMAN,ARNOLD FIELDS
9,DON MACLEAY,JOE TUMAN,DON PERATA
12,DON MACLEAY,JOE TUMAN,GREG HARLAND
34,DON MACLEAY,JOE TUMAN,JEAN QUAN
8,DON MACLEAY,JOE TUMAN,LARRY LIONEL ''LL'' YOUNG JR.
11,DON MACLEAY,JOE TUMAN,MARCIE HODGE
28,DON MACLEAY,JOE TUMAN,REBECCA KAPLAN
8,DON MACLEAY,JOE TUMAN,TERENCE CANDELL
4,DON MACLEAY,LARRY LIONEL ''LL'' YOUNG JR.,-
2,DON MACLEAY,LARRY LIONEL ''LL'' YOUNG JR.,ARNOLD FIELDS
3,DON MACLEAY,LARRY LIONEL ''LL'' YOUNG JR.,DON PERATA
2,DON MACLEAY,LARRY LIONEL ''LL'' YOUNG JR.,GREG HARLAND
4,DON MACLEAY,LARRY LIONEL ''LL'' YOUNG JR.,JEAN QUAN
3,DON MACLEAY,LARRY LIONEL ''LL'' YOUNG JR.,JOE TUMAN
3,DON MACLEAY,LARRY LIONEL ''LL'' YOUNG JR.,MARCIE HODGE
6,DON MACLEAY,LARRY LIONEL ''LL'' YOUNG JR.,REBECCA KAPLAN
2,DON MACLEAY,LARRY LIONEL ''LL'' YOUNG JR.,TERENCE CANDELL
8,DON MACLEAY,MARCIE HODGE,-
4,DON MACLEAY,MARCIE HODGE,ARNOLD FIELDS
3,DON MACLEAY,MARCIE HODGE,DON PERATA
1,DON MACLEAY,MARCIE HODGE,GREG HARLAND
5,DON MACLEAY,MARCIE HODGE,JEAN QUAN
2,DON MACLEAY,MARCIE HODGE,JOE TUMAN
4,DON MACLEAY,MARCIE HODGE,LARRY LIONEL ''LL'' YOUNG JR.
5,DON MACLEAY,MARCIE HODGE,REBECCA KAPLAN
4,DON MACLEAY,MARCIE HODGE,TERENCE CANDELL
31,DON MACLEAY,REBECCA KAPLAN,-
8,DON MACLEAY,REBECCA KAPLAN,ARNOLD FIELDS
14,DON MACLEAY,REBECCA KAPLAN,DON PERATA
1,DON MACLEAY,REBECCA KAPLAN,GREG HARLAND
239,DON MACLEAY,REBECCA KAPLAN,JEAN QUAN
33,DON MACLEAY,REBECCA KAPLAN,JOE TUMAN
7,DON MACLEAY,REBECCA KAPLAN,LARRY LIONEL ''LL'' YOUNG JR.
4,DON MACLEAY,REBECCA KAPLAN,MARCIE HODGE
9,DON MACLEAY,REBECCA KAPLAN,TERENCE CANDELL
5,DON MACLEAY,TERENCE CANDELL,-
6,DON MACLEAY,TERENCE CANDELL,ARNOLD FIELDS
2,DON MACLEAY,TERENCE CANDELL,DON PERATA
5,DON MACLEAY,TERENCE CANDELL,GREG HARLAND
3,DON MACLEAY,TERENCE CANDELL,JEAN QUAN
5,DON MACLEAY,TERENCE CANDELL,JOE TUMAN
1,DON MACLEAY,TERENCE CANDELL,LARRY LIONEL ''LL'' YOUNG JR.
3,DON MACLEAY,TERENCE CANDELL,MARCIE HODGE
7,DON MACLEAY,TERENCE CANDELL,REBECCA KAPLAN
8747,DON PERATA,-,-
45,DON PERATA,ARNOLD FIELDS,-
44,DON PERATA,ARNOLD FIELDS,DON MACLEAY
55,DON PERATA,ARNOLD FIELDS,GREG HARLAND
42,DON PERATA,ARNOLD FIELDS,JEAN QUAN
83,DON PERATA,ARNOLD FIELDS,JOE TUMAN
46,DON PERATA,ARNOLD FIELDS,LARRY LIONEL ''LL'' YOUNG JR.
48,DON PERATA,ARNOLD FIELDS,MARCIE HODGE
72,DON PERATA,ARNOLD FIELDS,REBECCA KAPLAN
48,DON PERATA,ARNOLD FIELDS,TERENCE CANDELL
44,DON PERATA,DON MACLEAY,-
37,DON PERATA,DON MACLEAY,ARNOLD FIELDS
31,DON PERATA,DON MACLEAY,GREG HARLAND
61,DON PERATA,DON MACLEAY,JEAN QUAN
58,DON PERATA,DON MACLEAY,JOE TUMAN
25,DON PERATA,DON MACLEAY,LARRY LIONEL ''LL'' YOUNG JR.
39,DON PERATA,DON MACLEAY,MARCIE HODGE
86,DON PERATA,DON MACLEAY,REBECCA KAPLAN
25,DON PERATA,DON MACLEAY,TERENCE CANDELL
63,DON PERATA,GREG HARLAND,-
73,DON PERATA,GREG HARLAND,ARNOLD FIELDS
50,DON PERATA,GREG HARLAND,DON MACLEAY
93,DON PERATA,GREG HARLAND,JEAN QUAN
101,DON PERATA,GREG HARLAND,JOE TUMAN
18,DON PERATA,GREG HARLAND,LARRY LIONEL ''LL'' YOUNG JR.
49,DON PERATA,GREG HARLAND,MARCIE HODGE
59,DON PERATA,GREG HARLAND,REBECCA KAPLAN
57,DON PERATA,GREG HARLAND,TERENCE CANDELL
1978,DON PERATA,JEAN QUAN,-
166,DON PERATA,JEAN QUAN,ARNOLD FIELDS
134,DON PERATA,JEAN QUAN,DON MACLEAY
211,DON PERATA,JEAN QUAN,GREG HARLAND
1762,DON PERATA,JEAN QUAN,JOE TUMAN
424,DON PERATA,JEAN QUAN,LARRY LIONEL ''LL'' YOUNG JR.
1392,DON PERATA,JEAN QUAN,MARCIE HODGE
4931,DON PERATA,JEAN QUAN,REBECCA KAPLAN
640,DON PERATA,JEAN QUAN,TERENCE CANDELL
1141,DON PERATA,JOE TUMAN,-
173,DON PERATA,JOE TUMAN,ARNOLD FIELDS
127,DON PERATA,JOE TUMAN,DON MACLEAY
307,DON PERATA,JOE TUMAN,GREG HARLAND
1464,DON PERATA,JOE TUMAN,JEAN QUAN
125,DON PERATA,JOE TUMAN,LARRY LIONEL ''LL'' YOUNG JR.
428,DON PERATA,JOE TUMAN,MARCIE HODGE
1696,DON PERATA,JOE TUMAN,REBECCA KAPLAN
238,DON PERATA,JOE TUMAN,TERENCE CANDELL
103,DON PERATA,LARRY LIONEL ''LL'' YOUNG JR.,-
46,DON PERATA,LARRY LIONEL ''LL'' YOUNG JR.,ARNOLD FIELDS
42,DON PERATA,LARRY LIONEL ''LL'' YOUNG JR.,DON MACLEAY
35,DON PERATA,LARRY LIONEL ''LL'' YOUNG JR.,GREG HARLAND
115,DON PERATA,LARRY LIONEL ''LL'' YOUNG JR.,JEAN QUAN
63,DON PERATA,LARRY LIONEL ''LL'' YOUNG JR.,JOE TUMAN
104,DON PERATA,LARRY LIONEL ''LL'' YOUNG JR.,MARCIE HODGE
168,DON PERATA,LARRY LIONEL ''LL'' YOUNG JR.,REBECCA KAPLAN
87,DON PERATA,LARRY LIONEL ''LL'' YOUNG JR.,TERENCE CANDELL
322,DON PERATA,MARCIE HODGE,-
54,DON PERATA,MARCIE HODGE,ARNOLD FIELDS
41,DON PERATA,MARCIE HODGE,DON MACLEAY
66,DON PERATA,MARCIE HODGE,GREG HARLAND
594,DON PERATA,MARCIE HODGE,JEAN QUAN
211,DON PERATA,MARCIE HODGE,JOE TUMAN
260,DON PERATA,MARCIE HODGE,LARRY LIONEL ''LL'' YOUNG JR.
595,DON PERATA,MARCIE HODGE,REBECCA KAPLAN
226,DON PERATA,MARCIE HODGE,TERENCE CANDELL
1321,DON PERATA,REBECCA KAPLAN,-
145,DON PERATA,REBECCA KAPLAN,ARNOLD FIELDS
141,DON PERATA,REBECCA KAPLAN,DON MACLEAY
144,DON PERATA,REBECCA KAPLAN,GREG HARLAND
3404,DON PERATA,REBECCA KAPLAN,JEAN QUAN
1522,DON PERATA,REBECCA KAPLAN,JOE TUMAN
280,DON PERATA,REBECCA KAPLAN,LARRY LIONEL ''LL'' YOUNG JR.
724,DON PERATA,REBECCA KAPLAN,MARCIE HODGE
382,DON PERATA,REBECCA KAPLAN,TERENCE CANDELL
247,DON PERATA,TERENCE CANDELL,-
62,DON PERATA,TERENCE CANDELL,ARNOLD FIELDS
46,DON PERATA,TERENCE CANDELL,DON MACLEAY
165,DON PERATA,TERENCE CANDELL,GREG HARLAND
393,DON PERATA,TERENCE CANDELL,JEAN QUAN
123,DON PERATA,TERENCE CANDELL,JOE TUMAN
125,DON PERATA,TERENCE CANDELL,LARRY LIONEL ''LL'' YOUNG JR.
221,DON PERATA,TERENCE CANDELL,MARCIE HODGE
261,DON PERATA,TERENCE CANDELL,REBECCA KAPLAN
165,GREG HARLAND,-,-
9,GREG HARLAND,ARNOLD FIELDS,-
30,GREG HARLAND,ARNOLD FIELDS,DON MACLEAY
2,GREG HARLAND,ARNOLD FIELDS,DON PERATA
9,GREG HARLAND,ARNOLD FIELDS,JEAN QUAN
20,GREG HARLAND,ARNOLD FIELDS,JOE TUMAN
7,GREG HARLAND,ARNOLD FIELDS,LARRY LIONEL ''LL'' YOUNG JR.
1,GREG HARLAND,ARNOLD FIELDS,MARCIE HODGE
8,GREG HARLAND,ARNOLD FIELDS,REBECCA KAPLAN
17,GREG HARLAND,ARNOLD FIELDS,TERENCE CANDELL
16,GREG HARLAND,DON MACLEAY,-
18,GREG HARLAND,DON MACLEAY,ARNOLD FIELDS
7,GREG HARLAND,DON MACLEAY,DON PERATA
13,GREG HARLAND,DON MACLEAY,JEAN QUAN
19,GREG HARLAND,DON MACLEAY,JOE TUMAN
3,GREG HARLAND,DON MACLEAY,MARCIE HODGE
6,GREG HARLAND,DON MACLEAY,REBECCA KAPLAN
3,GREG HARLAND,DON MACLEAY,TERENCE CANDELL
16,GREG HARLAND,DON PERATA,-
5,GREG HARLAND,DON PERATA,ARNOLD FIELDS
4,GREG HARLAND,DON PERATA,DON MACLEAY
18,GREG HARLAND,DON PERATA,JEAN QUAN
14,GREG HARLAND,DON PERATA,JOE TUMAN
2,GREG HARLAND,DON PERATA,LARRY LIONEL ''LL'' YOUNG JR.
4,GREG HARLAND,DON PERATA,MARCIE HODGE
34,GREG HARLAND,DON PERATA,REBECCA KAPLAN
13,GREG HARLAND,DON PERATA,TERENCE CANDELL
21,GREG HARLAND,JEAN QUAN,-
10,GREG HARLAND,JEAN QUAN,ARNOLD FIELDS
4,GREG HARLAND,JEAN QUAN,DON MACLEAY
10,GREG HARLAND,JEAN QUAN,DON PERATA
26,GREG HARLAND,JEAN QUAN,JOE TUMAN
4,GREG HARLAND,JEAN QUAN,LARRY LIONEL ''LL'' YOUNG JR.
11,GREG HARLAND,JEAN QUAN,MARCIE HODGE
14,GREG HARLAND,JEAN QUAN,REBECCA KAPLAN
12,GREG HARLAND,JEAN QUAN,TERENCE CANDELL
41,GREG HARLAND,JOE TUMAN,-
13,GREG HARLAND,JOE TUMAN,ARNOLD FIELDS
23,GREG HARLAND,JOE TUMAN,DON MACLEAY
27,GREG HARLAND,JOE TUMAN,DON PERATA
23,GREG HARLAND,JOE TUMAN,JEAN QUAN
10,GREG HARLAND,JOE TUMAN,LARRY LIONEL ''LL'' YOUNG JR.
11,GREG HARLAND,JOE TUMAN,MARCIE HODGE
26,GREG HARLAND,JOE TUMAN,REBECCA KAPLAN
15,GREG HARLAND,JOE TUMAN,TERENCE CANDELL
3,GREG HARLAND,LARRY LIONEL ''LL'' YOUNG JR.,-
2,GREG HARLAND,LARRY LIONEL ''LL'' YOUNG JR.,ARNOLD FIELDS
2,GREG HARLAND,LARRY LIONEL ''LL'' YOUNG JR.,DON MACLEAY
2,GREG HARLAND,LARRY LIONEL ''LL'' YOUNG JR.,DON PERATA
1,GREG HARLAND,LARRY LIONEL ''LL'' YOUNG JR.,JEAN QUAN
2,GREG HARLAND,LARRY LIONEL ''LL'' YOUNG JR.,JOE TUMAN
3,GREG HARLAND,LARRY LIONEL ''LL'' YOUNG JR.,MARCIE HODGE
4,GREG HARLAND,LARRY LIONEL ''LL'' YOUNG JR.,REBECCA KAPLAN
4,GREG HARLAND,LARRY LIONEL ''LL'' YOUNG JR.,TERENCE CANDELL
3,GREG HARLAND,MARCIE HODGE,-
4,GREG HARLAND,MARCIE HODGE,ARNOLD FIELDS
3,GREG HARLAND,MARCIE HODGE,DON MACLEAY
2,GREG HARLAND,MARCIE HODGE,DON PERATA
5,GREG HARLAND,MARCIE HODGE,JEAN QUAN
8,GREG HARLAND,MARCIE HODGE,JOE TUMAN
2,GREG HARLAND,MARCIE HODGE,LARRY LIONEL ''LL'' YOUNG JR.
1,GREG HARLAND,MARCIE HODGE,REBECCA KAPLAN
7,GREG HARLAND,MARCIE HODGE,TERENCE CANDELL
15,GREG HARLAND,REBECCA KAPLAN,-
3,GREG HARLAND,REBECCA KAPLAN,ARNOLD FIELDS
3,GREG HARLAND,REBECCA KAPLAN,DON MACLEAY
15,GREG HARLAND,REBECCA KAPLAN,DON PERATA
10,GREG HARLAND,REBECCA KAPLAN,JEAN QUAN
6,GREG HARLAND,REBECCA KAPLAN,JOE TUMAN
4,GREG HARLAND,REBECCA KAPLAN,LARRY LIONEL ''LL'' YOUNG JR.
10,GREG HARLAND,REBECCA KAPLAN,MARCIE HODGE
7,GREG HARLAND,REBECCA KAPLAN,TERENCE CANDELL
8,GREG HARLAND,TERENCE CANDELL,-
16,GREG HARLAND,TERENCE CANDELL,ARNOLD FIELDS
7,GREG HARLAND,TERENCE CANDELL,DON MACLEAY
7,GREG HARLAND,TERENCE CANDELL,DON PERATA
7,GREG HARLAND,TERENCE CANDELL,JEAN QUAN
13,GREG HARLAND,TERENCE CANDELL,JOE TUMAN
5,GREG HARLAND,TERENCE CANDELL,LARRY LIONEL ''LL'' YOUNG JR.
6,GREG HARLAND,TERENCE CANDELL,MARCIE HODGE
4,GREG HARLAND,TERENCE CANDELL,REBECCA KAPLAN
4009,JEAN QUAN,-,-
33,JEAN QUAN,ARNOLD FIELDS,-
8,JEAN QUAN,ARNOLD FIELDS,DON MACLEAY
22,JEAN QUAN,ARNOLD FIELDS,DON PERATA
39,JEAN QUAN,ARNOLD FIELDS,GREG HARLAND
57,JEAN QUAN,ARNOLD FIELDS,JOE TUMAN
15,JEAN QUAN,ARNOLD FIELDS,LARRY LIONEL ''LL'' YOUNG JR.
21,JEAN QUAN,ARNOLD FIELDS,MARCIE HODGE
66,JEAN QUAN,ARNOLD FIELDS,REBECCA KAPLAN
25,JEAN QUAN,ARNOLD FIELDS,TERENCE CANDELL
52,JEAN QUAN,DON MACLEAY,-
21,JEAN QUAN,DON MACLEAY,ARNOLD FIELDS
25,JEAN QUAN,DON MACLEAY,DON PERATA
18,JEAN QUAN,DON MACLEAY,GREG HARLAND
58,JEAN QUAN,DON MACLEAY,JOE TUMAN
15,JEAN QUAN,DON MACLEAY,LARRY LIONEL ''LL'' YOUNG JR.
22,JEAN QUAN,DON MACLEAY,MARCIE HODGE
274,JEAN QUAN,DON MACLEAY,REBECCA KAPLAN
26,JEAN QUAN,DON MACLEAY,TERENCE CANDELL
1358,JEAN QUAN,DON PERATA,-
90,JEAN QUAN,DON PERATA,ARNOLD FIELDS
90,JEAN QUAN,DON PERATA,DON MACLEAY
115,JEAN QUAN,DON PERATA,GREG HARLAND
904,JEAN QUAN,DON PERATA,JOE TUMAN
190,JEAN QUAN,DON PERATA,LARRY LIONEL ''LL'' YOUNG JR.
639,JEAN QUAN,DON PERATA,MARCIE HODGE
2431,JEAN QUAN,DON PERATA,REBECCA KAPLAN
304,JEAN QUAN,DON PERATA,TERENCE CANDELL
34,JEAN QUAN,GREG HARLAND,-
28,JEAN QUAN,GREG HARLAND,ARNOLD FIELDS
24,JEAN QUAN,GREG HARLAND,DON MACLEAY
44,JEAN QUAN,GREG HARLAND,DON PERATA
53,JEAN QUAN,GREG HARLAND,JOE TUMAN
10,JEAN QUAN,GREG HARLAND,LARRY LIONEL ''LL'' YOUNG JR.
16,JEAN QUAN,GREG HARLAND,MARCIE HODGE
46,JEAN QUAN,GREG HARLAND,REBECCA KAPLAN
21,JEAN QUAN,GREG HARLAND,TERENCE CANDELL
516,JEAN QUAN,JOE TUMAN,-
70,JEAN QUAN,JOE TUMAN,ARNOLD FIELDS
87,JEAN QUAN,JOE TUMAN,DON MACLEAY
609,JEAN QUAN,JOE TUMAN,DON PERATA
127,JEAN QUAN,JOE TUMAN,GREG HARLAND
73,JEAN QUAN,JOE TUMAN,LARRY LIONEL ''LL'' YOUNG JR.
272,JEAN QUAN,JOE TUMAN,MARCIE HODGE
2022,JEAN QUAN,JOE TUMAN,REBECCA KAPLAN
126,JEAN QUAN,JOE TUMAN,TERENCE CANDELL
52,JEAN QUAN,LARRY LIONEL ''LL'' YOUNG JR.,-
16,JEAN QUAN,LARRY LIONEL ''LL'' YOUNG JR.,ARNOLD FIELDS
8,JEAN QUAN,LARRY LIONEL ''LL'' YOUNG JR.,DON MACLEAY
66,JEAN QUAN,LARRY LIONEL ''LL'' YOUNG JR.,DON PERATA
5,JEAN QUAN,LARRY LIONEL ''LL'' YOUNG JR.,GREG HARLAND
47,JEAN QUAN,LARRY LIONEL ''LL'' YOUNG JR.,JOE TUMAN
56,JEAN QUAN,LARRY LIONEL ''LL'' YOUNG JR.,MARCIE HODGE
87,JEAN QUAN,LARRY LIONEL ''LL'' YOUNG JR.,REBECCA KAPLAN
49,JEAN QUAN,LARRY LIONEL ''LL'' YOUNG JR.,TERENCE CANDELL
203,JEAN QUAN,MARCIE HODGE,-
30,JEAN QUAN,MARCIE HODGE,ARNOLD FIELDS
32,JEAN QUAN,MARCIE HODGE,DON MACLEAY
299,JEAN QUAN,MARCIE HODGE,DON PERATA
21,JEAN QUAN,MARCIE HODGE,GREG HARLAND
157,JEAN QUAN,MARCIE HODGE,JOE TUMAN
105,JEAN QUAN,MARCIE HODGE,LARRY LIONEL ''LL'' YOUNG JR.
525,JEAN QUAN,MARCIE HODGE,REBECCA KAPLAN
127,JEAN QUAN,MARCIE HODGE,TERENCE CANDELL
2077,JEAN QUAN,REBECCA KAPLAN,-
185,JEAN QUAN,REBECCA KAPLAN,ARNOLD FIELDS
542,JEAN QUAN,REBECCA KAPLAN,DON MACLEAY
2492,JEAN QUAN,REBECCA KAPLAN,DON PERATA
139,JEAN QUAN,REBECCA KAPLAN,GREG HARLAND
4329,JEAN QUAN,REBECCA KAPLAN,JOE TUMAN
238,JEAN QUAN,REBECCA KAPLAN,LARRY LIONEL ''LL'' YOUNG JR.
1196,JEAN QUAN,REBECCA KAPLAN,MARCIE HODGE
397,JEAN QUAN,REBECCA KAPLAN,TERENCE CANDELL
99,JEAN QUAN,TERENCE CANDELL,-
36,JEAN QUAN,TERENCE CANDELL,ARNOLD FIELDS
19,JEAN QUAN,TERENCE CANDELL,DON MACLEAY
131,JEAN QUAN,TERENCE CANDELL,DON PERATA
23,JEAN QUAN,TERENCE CANDELL,GREG HARLAND
78,JEAN QUAN,TERENCE CANDELL,JOE TUMAN
71,JEAN QUAN,TERENCE CANDELL,LARRY LIONEL ''LL'' YOUNG JR.
131,JEAN QUAN,TERENCE CANDELL,MARCIE HODGE
126,JEAN QUAN,TERENCE CANDELL,REBECCA KAPLAN
1496,JOE TUMAN,-,-
32,JOE TUMAN,ARNOLD FIELDS,-
34,JOE TUMAN,ARNOLD FIELDS,DON MACLEAY
30,JOE TUMAN,ARNOLD FIELDS,DON PERATA
56,JOE TUMAN,ARNOLD FIELDS,GREG HARLAND
23,JOE TUMAN,ARNOLD FIELDS,JEAN QUAN
20,JOE TUMAN,ARNOLD FIELDS,LARRY LIONEL ''LL'' YOUNG JR.
23,JOE TUMAN,ARNOLD FIELDS,MARCIE HODGE
26,JOE TUMAN,ARNOLD FIELDS,REBECCA KAPLAN
41,JOE TUMAN,ARNOLD FIELDS,TERENCE CANDELL
30,JOE TUMAN,DON MACLEAY,-
34,JOE TUMAN,DON MACLEAY,ARNOLD FIELDS
25,JOE TUMAN,DON MACLEAY,DON PERATA
51,JOE TUMAN,DON MACLEAY,GREG HARLAND
51,JOE TUMAN,DON MACLEAY,JEAN QUAN
18,JOE TUMAN,DON MACLEAY,LARRY LIONEL ''LL'' YOUNG JR.
16,JOE TUMAN,DON MACLEAY,MARCIE HODGE
53,JOE TUMAN,DON MACLEAY,REBECCA KAPLAN
26,JOE TUMAN,DON MACLEAY,TERENCE CANDELL
567,JOE TUMAN,DON PERATA,-
73,JOE TUMAN,DON PERATA,ARNOLD FIELDS
56,JOE TUMAN,DON PERATA,DON MACLEAY
143,JOE TUMAN,DON PERATA,GREG HARLAND
818,JOE TUMAN,DON PERATA,JEAN QUAN
52,JOE TUMAN,DON PERATA,LARRY LIONEL ''LL'' YOUNG JR.
143,JOE TUMAN,DON PERATA,MARCIE HODGE
917,JOE TUMAN,DON PERATA,REBECCA KAPLAN
102,JOE TUMAN,DON PERATA,TERENCE CANDELL
81,JOE TUMAN,GREG HARLAND,-
97,JOE TUMAN,GREG HARLAND,ARNOLD FIELDS
91,JOE TUMAN,GREG HARLAND,DON MACLEAY
108,JOE TUMAN,GREG HARLAND,DON PERATA
71,JOE TUMAN,GREG HARLAND,JEAN QUAN
17,JOE TUMAN,GREG HARLAND,LARRY LIONEL ''LL'' YOUNG JR.
37,JOE TUMAN,GREG HARLAND,MARCIE HODGE
95,JOE TUMAN,GREG HARLAND,REBECCA KAPLAN
60,JOE TUMAN,GREG HARLAND,TERENCE CANDELL
437,JOE TUMAN,JEAN QUAN,-
51,JOE TUMAN,JEAN QUAN,ARNOLD FIELDS
47,JOE TUMAN,JEAN QUAN,DON MACLEAY
663,JOE TUMAN,JEAN QUAN,DON PERATA
98,JOE TUMAN,JEAN QUAN,GREG HARLAND
36,JOE TUMAN,JEAN QUAN,LARRY LIONEL ''LL'' YOUNG JR.
137,JOE TUMAN,JEAN QUAN,MARCIE HODGE
1447,JOE TUMAN,JEAN QUAN,REBECCA KAPLAN
85,JOE TUMAN,JEAN QUAN,TERENCE CANDELL
21,JOE TUMAN,LARRY LIONEL ''LL'' YOUNG JR.,-
21,JOE TUMAN,LARRY LIONEL ''LL'' YOUNG JR.,ARNOLD FIELDS
7,JOE TUMAN,LARRY LIONEL ''LL'' YOUNG JR.,DON MACLEAY
18,JOE TUMAN,LARRY LIONEL ''LL'' YOUNG JR.,DON PERATA
9,JOE TUMAN,LARRY LIONEL ''LL'' YOUNG JR.,GREG HARLAND
15,JOE TUMAN,LARRY LIONEL ''LL'' YOUNG JR.,JEAN QUAN
24,JOE TUMAN,LARRY LIONEL ''LL'' YOUNG JR.,MARCIE HODGE
29,JOE TUMAN,LARRY LIONEL ''LL'' YOUNG JR.,REBECCA KAPLAN
21,JOE TUMAN,LARRY LIONEL ''LL'' YOUNG JR.,TERENCE CANDELL
49,JOE TUMAN,MARCIE HODGE,-
27,JOE TUMAN,MARCIE HODGE,ARNOLD FIELDS
23,JOE TUMAN,MARCIE HODGE,DON MACLEAY
67,JOE TUMAN,MARCIE HODGE,DON PERATA
35,JOE TUMAN,MARCIE HODGE,GREG HARLAND
65,JOE TUMAN,MARCIE HODGE,JEAN QUAN
47,JOE TUMAN,MARCIE HODGE,LARRY LIONEL ''LL'' YOUNG JR.
115,JOE TUMAN,MARCIE HODGE,REBECCA KAPLAN
66,JOE TUMAN,MARCIE HODGE,TERENCE CANDELL
603,JOE TUMAN,REBECCA KAPLAN,-
110,JOE TUMAN,REBECCA KAPLAN,ARNOLD FIELDS
86,JOE TUMAN,REBECCA KAPLAN,DON MACLEAY
976,JOE TUMAN,REBECCA KAPLAN,DON PERATA
174,JOE TUMAN,REBECCA KAPLAN,GREG HARLAND
2378,JOE TUMAN,REBECCA KAPLAN,JEAN QUAN
87,JOE TUMAN,REBECCA KAPLAN,LARRY LIONEL ''LL'' YOUNG JR.
206,JOE TUMAN,REBECCA KAPLAN,MARCIE HODGE
138,JOE TUMAN,REBECCA KAPLAN,TERENCE CANDELL
29,JOE TUMAN,TERENCE CANDELL,-
37,JOE TUMAN,TERENCE CANDELL,ARNOLD FIELDS
20,JOE TUMAN,TERENCE CANDELL,DON MACLEAY
49,JOE TUMAN,TERENCE CANDELL,DON PERATA
47,JOE TUMAN,TERENCE CANDELL,GREG HARLAND
28,JOE TUMAN,TERENCE CANDELL,JEAN QUAN
36,JOE TUMAN,TERENCE CANDELL,LARRY LIONEL ''LL'' YOUNG JR.
44,JOE TUMAN,TERENCE CANDELL,MARCIE HODGE
36,JOE TUMAN,TERENCE CANDELL,REBECCA KAPLAN
166,LARRY LIONEL ''LL'' YOUNG JR.,-,-
6,LARRY LIONEL ''LL'' YOUNG JR.,ARNOLD FIELDS,-
4,LARRY LIONEL ''LL'' YOUNG JR.,ARNOLD FIELDS,DON MACLEAY
2,LARRY LIONEL ''LL'' YOUNG JR.,ARNOLD FIELDS,DON PERATA
1,LARRY LIONEL ''LL'' YOUNG JR.,ARNOLD FIELDS,GREG HARLAND
3,LARRY LIONEL ''LL'' YOUNG JR.,ARNOLD FIELDS,JEAN QUAN
5,LARRY LIONEL ''LL'' YOUNG JR.,ARNOLD FIELDS,JOE TUMAN
6,LARRY LIONEL ''LL'' YOUNG JR.,ARNOLD FIELDS,MARCIE HODGE
2,LARRY LIONEL ''LL'' YOUNG JR.,ARNOLD FIELDS,REBECCA KAPLAN
1,LARRY LIONEL ''LL'' YOUNG JR.,ARNOLD FIELDS,TERENCE CANDELL
6,LARRY LIONEL ''LL'' YOUNG JR.,DON MACLEAY,-
2,LARRY LIONEL ''LL'' YOUNG JR.,DON MACLEAY,ARNOLD FIELDS
2,LARRY LIONEL ''LL'' YOUNG JR.,DON MACLEAY,DON PERATA
3,LARRY LIONEL ''LL'' YOUNG JR.,DON MACLEAY,GREG HARLAND
2,LARRY LIONEL ''LL'' YOUNG JR.,DON MACLEAY,JEAN QUAN
4,LARRY LIONEL ''LL'' YOUNG JR.,DON MACLEAY,JOE TUMAN
1,LARRY LIONEL ''LL'' YOUNG JR.,DON MACLEAY,MARCIE HODGE
10,LARRY LIONEL ''LL'' YOUNG JR.,DON MACLEAY,REBECCA KAPLAN
4,LARRY LIONEL ''LL'' YOUNG JR.,DON MACLEAY,TERENCE CANDELL
21,LARRY LIONEL ''LL'' YOUNG JR.,DON PERATA,-
8,LARRY LIONEL ''LL'' YOUNG JR.,DON PERATA,ARNOLD FIELDS
2,LARRY LIONEL ''LL'' YOUNG JR.,DON PERATA,DON MACLEAY
6,LARRY LIONEL ''LL'' YOUNG JR.,DON PERATA,GREG HARLAND
29,LARRY LIONEL ''LL'' YOUNG JR.,DON PERATA,JEAN QUAN
10,LARRY LIONEL ''LL'' YOUNG JR.,DON PERATA,JOE TUMAN
26,LARRY LIONEL ''LL'' YOUNG JR.,DON PERATA,MARCIE HODGE
35,LARRY LIONEL ''LL'' YOUNG JR.,DON PERATA,REBECCA KAPLAN
11,LARRY LIONEL ''LL'' YOUNG JR.,DON PERATA,TERENCE CANDELL
5,LARRY LIONEL ''LL'' YOUNG JR.,GREG HARLAND,-
2,LARRY LIONEL ''LL'' YOUNG JR.,GREG HARLAND,ARNOLD FIELDS
1,LARRY LIONEL ''LL'' YOUNG JR.,GREG HARLAND,DON MACLEAY
2,LARRY LIONEL ''LL'' YOUNG JR.,GREG HARLAND,DON PERATA
2,LARRY LIONEL ''LL'' YOUNG JR.,GREG HARLAND,JEAN QUAN
2,LARRY LIONEL ''LL'' YOUNG JR.,GREG HARLAND,JOE TUMAN
3,LARRY LIONEL ''LL'' YOUNG JR.,GREG HARLAND,MARCIE HODGE
3,LARRY LIONEL ''LL'' YOUNG JR.,GREG HARLAND,REBECCA KAPLAN
3,LARRY LIONEL ''LL'' YOUNG JR.,GREG HARLAND,TERENCE CANDELL
17,LARRY LIONEL ''LL'' YOUNG JR.,JEAN QUAN,-
6,LARRY LIONEL ''LL'' YOUNG JR.,JEAN QUAN,ARNOLD FIELDS
2,LARRY LIONEL ''LL'' YOUNG JR.,JEAN QUAN,DON MACLEAY
28,LARRY LIONEL ''LL'' YOUNG JR.,JEAN QUAN,DON PERATA
3,LARRY LIONEL ''LL'' YOUNG JR.,JEAN QUAN,GREG HARLAND
10,LARRY LIONEL ''LL'' YOUNG JR.,JEAN QUAN,JOE TUMAN
13,LARRY LIONEL ''LL'' YOUNG JR.,JEAN QUAN,MARCIE HODGE
24,LARRY LIONEL ''LL'' YOUNG JR.,JEAN QUAN,REBECCA KAPLAN
16,LARRY LIONEL ''LL'' YOUNG JR.,JEAN QUAN,TERENCE CANDELL
13,LARRY LIONEL ''LL'' YOUNG JR.,JOE TUMAN,-
3,LARRY LIONEL ''LL'' YOUNG JR.,JOE TUMAN,ARNOLD FIELDS
10,LARRY LIONEL ''LL'' YOUNG JR.,JOE TUMAN,DON MACLEAY
6,LARRY LIONEL ''LL'' YOUNG JR.,JOE TUMAN,DON PERATA
2,LARRY LIONEL ''LL'' YOUNG JR.,JOE TUMAN,GREG HARLAND
7,LARRY LIONEL ''LL'' YOUNG JR.,JOE TUMAN,JEAN QUAN
10,LARRY LIONEL ''LL'' YOUNG JR.,JOE TUMAN,MARCIE HODGE
13,LARRY LIONEL ''LL'' YOUNG JR.,JOE TUMAN,REBECCA KAPLAN
7,LARRY LIONEL ''LL'' YOUNG JR.,JOE TUMAN,TERENCE CANDELL
18,LARRY LIONEL ''LL'' YOUNG JR.,MARCIE HODGE,-
8,LARRY LIONEL ''LL'' YOUNG JR.,MARCIE HODGE,ARNOLD FIELDS
6,LARRY LIONEL ''LL'' YOUNG JR.,MARCIE HODGE,DON MACLEAY
11,LARRY LIONEL ''LL'' YOUNG JR.,MARCIE HODGE,DON PERATA
2,LARRY LIONEL ''LL'' YOUNG JR.,MARCIE HODGE,GREG HARLAND
15,LARRY LIONEL ''LL'' YOUNG JR.,MARCIE HODGE,JEAN QUAN
9,LARRY LIONEL ''LL'' YOUNG JR.,MARCIE HODGE,JOE TUMAN
19,LARRY LIONEL ''LL'' YOUNG JR.,MARCIE HODGE,REBECCA KAPLAN
25,LARRY LIONEL ''LL'' YOUNG JR.,MARCIE HODGE,TERENCE CANDELL
21,LARRY LIONEL ''LL'' YOUNG JR.,REBECCA KAPLAN,-
6,LARRY LIONEL ''LL'' YOUNG JR.,REBECCA KAPLAN,ARNOLD FIELDS
4,LARRY LIONEL ''LL'' YOUNG JR.,REBECCA KAPLAN,DON MACLEAY
30,LARRY LIONEL ''LL'' YOUNG JR.,REBECCA KAPLAN,DON PERATA
5,LARRY LIONEL ''LL'' YOUNG JR.,REBECCA KAPLAN,GREG HARLAND
16,LARRY LIONEL ''LL'' YOUNG JR.,REBECCA KAPLAN,JEAN QUAN
14,LARRY LIONEL ''LL'' YOUNG JR.,REBECCA KAPLAN,JOE TUMAN
20,LARRY LIONEL ''LL'' YOUNG JR.,REBECCA KAPLAN,MARCIE HODGE
16,LARRY LIONEL ''LL'' YOUNG JR.,REBECCA KAPLAN,TERENCE CANDELL
9,LARRY LIONEL ''LL'' YOUNG JR.,TERENCE CANDELL,-
13,LARRY LIONEL ''LL'' YOUNG JR.,TERENCE CANDELL,ARNOLD FIELDS
4,LARRY LIONEL ''LL'' YOUNG JR.,TERENCE CANDELL,DON MACLEAY
10,LARRY LIONEL ''LL'' YOUNG JR.,TERENCE CANDELL,DON PERATA
1,LARRY LIONEL ''LL'' YOUNG JR.,TERENCE CANDELL,GREG HARLAND
9,LARRY LIONEL ''LL'' YOUNG JR.,TERENCE CANDELL,JEAN QUAN
16,LARRY LIONEL ''LL'' YOUNG JR.,TERENCE CANDELL,JOE TUMAN
22,LARRY LIONEL ''LL'' YOUNG JR.,TERENCE CANDELL,MARCIE HODGE
19,LARRY LIONEL ''LL'' YOUNG JR.,TERENCE CANDELL,REBECCA KAPLAN
475,MARCIE HODGE,-,-
9,MARCIE HODGE,ARNOLD FIELDS,-
7,MARCIE HODGE,ARNOLD FIELDS,DON MACLEAY
5,MARCIE HODGE,ARNOLD FIELDS,DON PERATA
5,MARCIE HODGE,ARNOLD FIELDS,GREG HARLAND
2,MARCIE HODGE,ARNOLD FIELDS,JEAN QUAN
9,MARCIE HODGE,ARNOLD FIELDS,LARRY LIONEL ''LL'' YOUNG JR.
7,MARCIE HODGE,ARNOLD FIELDS,REBECCA KAPLAN
8,MARCIE HODGE,ARNOLD FIELDS,TERENCE CANDELL
2,MARCIE HODGE,DON MACLEAY,-
2,MARCIE HODGE,DON MACLEAY,ARNOLD FIELDS
5,MARCIE HODGE,DON MACLEAY,DON PERATA
1,MARCIE HODGE,DON MACLEAY,GREG HARLAND
5,MARCIE HODGE,DON MACLEAY,JEAN QUAN
5,MARCIE HODGE,DON MACLEAY,JOE TUMAN
5,MARCIE HODGE,DON MACLEAY,LARRY LIONEL ''LL'' YOUNG JR.
5,MARCIE HODGE,DON MACLEAY,REBECCA KAPLAN
9,MARCIE HODGE,DON MACLEAY,TERENCE CANDELL
116,MARCIE HODGE,DON PERATA,-
18,MARCIE HODGE,DON PERATA,ARNOLD FIELDS
11,MARCIE HODGE,DON PERATA,DON MACLEAY
11,MARCIE HODGE,DON PERATA,GREG HARLAND
203,MARCIE HODGE,DON PERATA,JEAN QUAN
32,MARCIE HODGE,DON PERATA,JOE TUMAN
60,MARCIE HODGE,DON PERATA,LARRY LIONEL ''LL'' YOUNG JR.
161,MARCIE HODGE,DON PERATA,REBECCA KAPLAN
58,MARCIE HODGE,DON PERATA,TERENCE CANDELL
7,MARCIE HODGE,GREG HARLAND,-
2,MARCIE HODGE,GREG HARLAND,ARNOLD FIELDS
4,MARCIE HODGE,GREG HARLAND,DON MACLEAY
6,MARCIE HODGE,GREG HARLAND,DON PERATA
2,MARCIE HODGE,GREG HARLAND,JEAN QUAN
4,MARCIE HODGE,GREG HARLAND,JOE TUMAN
2,MARCIE HODGE,GREG HARLAND,LARRY LIONEL ''LL'' YOUNG JR.
5,MARCIE HODGE,GREG HARLAND,REBECCA KAPLAN
4,MARCIE HODGE,GREG HARLAND,TERENCE CANDELL
68,MARCIE HODGE,JEAN QUAN,-
10,MARCIE HODGE,JEAN QUAN,ARNOLD FIELDS
10,MARCIE HODGE,JEAN QUAN,DON MACLEAY
190,MARCIE HODGE,JEAN QUAN,DON PERATA
13,MARCIE HODGE,JEAN QUAN,GREG HARLAND
44,MARCIE HODGE,JEAN QUAN,JOE TUMAN
47,MARCIE HODGE,JEAN QUAN,LARRY LIONEL ''LL'' YOUNG JR.
146,MARCIE HODGE,JEAN QUAN,REBECCA KAPLAN
57,MARCIE HODGE,JEAN QUAN,TERENCE CANDELL
27,MARCIE HODGE,JOE TUMAN,-
5,MARCIE HODGE,JOE TUMAN,ARNOLD FIELDS
7,MARCIE HODGE,JOE TUMAN,DON MACLEAY
37,MARCIE HODGE,JOE TUMAN,DON PERATA
11,MARCIE HODGE,JOE TUMAN,GREG HARLAND
27,MARCIE HODGE,JOE TUMAN,JEAN QUAN
15,MARCIE HODGE,JOE TUMAN,LARRY LIONEL ''LL'' YOUNG JR.
31,MARCIE HODGE,JOE TUMAN,REBECCA KAPLAN
22,MARCIE HODGE,JOE TUMAN,TERENCE CANDELL
26,MARCIE HODGE,LARRY LIONEL ''LL'' YOUNG JR.,-
9,MARCIE HODGE,LARRY LIONEL ''LL'' YOUNG JR.,ARNOLD FIELDS
7,MARCIE HODGE,LARRY LIONEL ''LL'' YOUNG JR.,DON MACLEAY
19,MARCIE HODGE,LARRY LIONEL ''LL'' YOUNG JR.,DON PERATA
17,MARCIE HODGE,LARRY LIONEL ''LL'' YOUNG JR.,GREG HARLAND
37,MARCIE HODGE,LARRY LIONEL ''LL'' YOUNG JR.,JEAN QUAN
15,MARCIE HODGE,LARRY LIONEL ''LL'' YOUNG JR.,JOE TUMAN
33,MARCIE HODGE,LARRY LIONEL ''LL'' YOUNG JR.,REBECCA KAPLAN
47,MARCIE HODGE,LARRY LIONEL ''LL'' YOUNG JR.,TERENCE CANDELL
71,MARCIE HODGE,REBECCA KAPLAN,-
8,MARCIE HODGE,REBECCA KAPLAN,ARNOLD FIELDS
7,MARCIE HODGE,REBECCA KAPLAN,DON MACLEAY
107,MARCIE HODGE,REBECCA KAPLAN,DON PERATA
12,MARCIE HODGE,REBECCA KAPLAN,GREG HARLAND
141,MARCIE HODGE,REBECCA KAPLAN,JEAN QUAN
43,MARCIE HODGE,REBECCA KAPLAN,JOE TUMAN
43,MARCIE HODGE,REBECCA KAPLAN,LARRY LIONEL ''LL'' YOUNG JR.
34,MARCIE HODGE,REBECCA KAPLAN,TERENCE CANDELL
43,MARCIE HODGE,TERENCE CANDELL,-
14,MARCIE HODGE,TERENCE CANDELL,ARNOLD FIELDS
5,MARCIE HODGE,TERENCE CANDELL,DON MACLEAY
52,MARCIE HODGE,TERENCE CANDELL,DON PERATA
8,MARCIE HODGE,TERENCE CANDELL,GREG HARLAND
50,MARCIE HODGE,TERENCE CANDELL,JEAN QUAN
13,MARCIE HODGE,TERENCE CANDELL,JOE TUMAN
52,MARCIE HODGE,TERENCE CANDELL,LARRY LIONEL ''LL'' YOUNG JR.
47,MARCIE HODGE,TERENCE CANDELL,REBECCA KAPLAN
1966,REBECCA KAPLAN,-,-
24,REBECCA KAPLAN,ARNOLD FIELDS,-
11,REBECCA KAPLAN,ARNOLD FIELDS,DON MACLEAY
33,REBECCA KAPLAN,ARNOLD FIELDS,DON PERATA
16,REBECCA KAPLAN,ARNOLD FIELDS,GREG HARLAND
32,REBECCA KAPLAN,ARNOLD FIELDS,JEAN QUAN
26,REBECCA KAPLAN,ARNOLD FIELDS,JOE TUMAN
24,REBECCA KAPLAN,ARNOLD FIELDS,LARRY LIONEL ''LL'' YOUNG JR.
19,REBECCA KAPLAN,ARNOLD FIELDS,MARCIE HODGE
21,REBECCA KAPLAN,ARNOLD FIELDS,TERENCE CANDELL
43,REBECCA KAPLAN,DON MACLEAY,-
12,REBECCA KAPLAN,DON MACLEAY,ARNOLD FIELDS
25,REBECCA KAPLAN,DON MACLEAY,DON PERATA
7,REBECCA KAPLAN,DON MACLEAY,GREG HARLAND
200,REBECCA KAPLAN,DON MACLEAY,JEAN QUAN
53,REBECCA KAPLAN,DON MACLEAY,JOE TUMAN
40,REBECCA KAPLAN,DON MACLEAY,LARRY LIONEL ''LL'' YOUNG JR.
22,REBECCA KAPLAN,DON MACLEAY,MARCIE HODGE
11,REBECCA KAPLAN,DON MACLEAY,TERENCE CANDELL
745,REBECCA KAPLAN,DON PERATA,-
73,REBECCA KAPLAN,DON PERATA,ARNOLD FIELDS
52,REBECCA KAPLAN,DON PERATA,DON MACLEAY
50,REBECCA KAPLAN,DON PERATA,GREG HARLAND
1791,REBECCA KAPLAN,DON PERATA,JEAN QUAN
691,REBECCA KAPLAN,DON PERATA,JOE TUMAN
141,REBECCA KAPLAN,DON PERATA,LARRY LIONEL ''LL'' YOUNG JR.
290,REBECCA KAPLAN,DON PERATA,MARCIE HODGE
170,REBECCA KAPLAN,DON PERATA,TERENCE CANDELL
16,REBECCA KAPLAN,GREG HARLAND,-
9,REBECCA KAPLAN,GREG HARLAND,ARNOLD FIELDS
7,REBECCA KAPLAN,GREG HARLAND,DON MACLEAY
23,REBECCA KAPLAN,GREG HARLAND,DON PERATA
24,REBECCA KAPLAN,GREG HARLAND,JEAN QUAN
23,REBECCA KAPLAN,GREG HARLAND,JOE TUMAN
8,REBECCA KAPLAN,GREG HARLAND,LARRY LIONEL ''LL'' YOUNG JR.
14,REBECCA KAPLAN,GREG HARLAND,MARCIE HODGE
10,REBECCA KAPLAN,GREG HARLAND,TERENCE CANDELL
2337,REBECCA KAPLAN,JEAN QUAN,-
152,REBECCA KAPLAN,JEAN QUAN,ARNOLD FIELDS
468,REBECCA KAPLAN,JEAN QUAN,DON MACLEAY
2857,REBECCA KAPLAN,JEAN QUAN,DON PERATA
78,REBECCA KAPLAN,JEAN QUAN,GREG HARLAND
4674,REBECCA KAPLAN,JEAN QUAN,JOE TUMAN
261,REBECCA KAPLAN,JEAN QUAN,LARRY LIONEL ''LL'' YOUNG JR.
810,REBECCA KAPLAN,JEAN QUAN,MARCIE HODGE
326,REBECCA KAPLAN,JEAN QUAN,TERENCE CANDELL
517,REBECCA KAPLAN,JOE TUMAN,-
87,REBECCA KAPLAN,JOE TUMAN,ARNOLD FIELDS
120,REBECCA KAPLAN,JOE TUMAN,DON MACLEAY
840,REBECCA KAPLAN,JOE TUMAN,DON PERATA
94,REBECCA KAPLAN,JOE TUMAN,GREG HARLAND
3320,REBECCA KAPLAN,JOE TUMAN,JEAN QUAN
110,REBECCA KAPLAN,JOE TUMAN,LARRY LIONEL ''LL'' YOUNG JR.
248,REBECCA KAPLAN,JOE TUMAN,MARCIE HODGE
144,REBECCA KAPLAN,JOE TUMAN,TERENCE CANDELL
45,REBECCA KAPLAN,LARRY LIONEL ''LL'' YOUNG JR.,-
17,REBECCA KAPLAN,LARRY LIONEL ''LL'' YOUNG JR.,ARNOLD FIELDS
12,REBECCA KAPLAN,LARRY LIONEL ''LL'' YOUNG JR.,DON MACLEAY
56,REBECCA KAPLAN,LARRY LIONEL ''LL'' YOUNG JR.,DON PERATA
5,REBECCA KAPLAN,LARRY LIONEL ''LL'' YOUNG JR.,GREG HARLAND
56,REBECCA KAPLAN,LARRY LIONEL ''LL'' YOUNG JR.,JEAN QUAN
34,REBECCA KAPLAN,LARRY LIONEL ''LL'' YOUNG JR.,JOE TUMAN
69,REBECCA KAPLAN,LARRY LIONEL ''LL'' YOUNG JR.,MARCIE HODGE
36,REBECCA KAPLAN,LARRY LIONEL ''LL'' YOUNG JR.,TERENCE CANDELL
99,REBECCA KAPLAN,MARCIE HODGE,-
34,REBECCA KAPLAN,MARCIE HODGE,ARNOLD FIELDS
28,REBECCA KAPLAN,MARCIE HODGE,DON MACLEAY
168,REBECCA KAPLAN,MARCIE HODGE,DON PERATA
20,REBECCA KAPLAN,MARCIE HODGE,GREG HARLAND
320,REBECCA KAPLAN,MARCIE HODGE,JEAN QUAN
92,REBECCA KAPLAN,MARCIE HODGE,JOE TUMAN
78,REBECCA KAPLAN,MARCIE HODGE,LARRY LIONEL ''LL'' YOUNG JR.
93,REBECCA KAPLAN,MARCIE HODGE,TERENCE CANDELL
42,REBECCA KAPLAN,TERENCE CANDELL,-
24,REBECCA KAPLAN,TERENCE CANDELL,ARNOLD FIELDS
15,REBECCA KAPLAN,TERENCE CANDELL,DON MACLEAY
62,REBECCA KAPLAN,TERENCE CANDELL,DON PERATA
15,REBECCA KAPLAN,TERENCE CANDELL,GREG HARLAND
99,REBECCA KAPLAN,TERENCE CANDELL,JEAN QUAN
50,REBECCA KAPLAN,TERENCE CANDELL,JOE TUMAN
35,REBECCA KAPLAN,TERENCE CANDELL,LARRY LIONEL ''LL'' YOUNG JR.
62,REBECCA KAPLAN,TERENCE CANDELL,MARCIE HODGE
439,TERENCE CANDELL,-,-
1,TERENCE CANDELL,ARNOLD FIELDS,-
7,TERENCE CANDELL,ARNOLD FIELDS,DON MACLEAY
2,TERENCE CANDELL,ARNOLD FIELDS,DON PERATA
6,TERENCE CANDELL,ARNOLD FIELDS,GREG HARLAND
4,TERENCE CANDELL,ARNOLD FIELDS,JEAN QUAN
15,TERENCE CANDELL,ARNOLD FIELDS,JOE TUMAN
19,TERENCE CANDELL,ARNOLD FIELDS,LARRY LIONEL ''LL'' YOUNG JR.
10,TERENCE CANDELL,ARNOLD FIELDS,MARCIE HODGE
6,TERENCE CANDELL,ARNOLD FIELDS,REBECCA KAPLAN
2,TERENCE CANDELL,DON MACLEAY,-
5,TERENCE CANDELL,DON MACLEAY,ARNOLD FIELDS
4,TERENCE CANDELL,DON MACLEAY,DON PERATA
5,TERENCE CANDELL,DON MACLEAY,GREG HARLAND
3,TERENCE CANDELL,DON MACLEAY,JEAN QUAN
3,TERENCE CANDELL,DON MACLEAY,JOE TUMAN
4,TERENCE CANDELL,DON MACLEAY,LARRY LIONEL ''LL'' YOUNG JR.
5,TERENCE CANDELL,DON MACLEAY,MARCIE HODGE
3,TERENCE CANDELL,DON MACLEAY,REBECCA KAPLAN
79,TERENCE CANDELL,DON PERATA,-
16,TERENCE CANDELL,DON PERATA,ARNOLD FIELDS
10,TERENCE CANDELL,DON PERATA,DON MACLEAY
19,TERENCE CANDELL,DON PERATA,GREG HARLAND
131,TERENCE CANDELL,DON PERATA,JEAN QUAN
27,TERENCE CANDELL,DON PERATA,JOE TUMAN
36,TERENCE CANDELL,DON PERATA,LARRY LIONEL ''LL'' YOUNG JR.
89,TERENCE CANDELL,DON PERATA,MARCIE HODGE
81,TERENCE CANDELL,DON PERATA,REBECCA KAPLAN
11,TERENCE CANDELL,GREG HARLAND,-
18,TERENCE CANDELL,GREG HARLAND,ARNOLD FIELDS
5,TERENCE CANDELL,GREG HARLAND,DON MACLEAY
6,TERENCE CANDELL,GREG HARLAND,DON PERATA
10,TERENCE CANDELL,GREG HARLAND,JEAN QUAN
12,TERENCE CANDELL,GREG HARLAND,JOE TUMAN
5,TERENCE CANDELL,GREG HARLAND,LARRY LIONEL ''LL'' YOUNG JR.
5,TERENCE CANDELL,GREG HARLAND,MARCIE HODGE
7,TERENCE CANDELL,GREG HARLAND,REBECCA KAPLAN
56,TERENCE CANDELL,JEAN QUAN,-
7,TERENCE CANDELL,JEAN QUAN,ARNOLD FIELDS
7,TERENCE CANDELL,JEAN QUAN,DON MACLEAY
99,TERENCE CANDELL,JEAN QUAN,DON PERATA
8,TERENCE CANDELL,JEAN QUAN,GREG HARLAND
18,TERENCE CANDELL,JEAN QUAN,JOE TUMAN
21,TERENCE CANDELL,JEAN QUAN,LARRY LIONEL ''LL'' YOUNG JR.
46,TERENCE CANDELL,JEAN QUAN,MARCIE HODGE
68,TERENCE CANDELL,JEAN QUAN,REBECCA KAPLAN
21,TERENCE CANDELL,JOE TUMAN,-
8,TERENCE CANDELL,JOE TUMAN,ARNOLD FIELDS
8,TERENCE CANDELL,JOE TUMAN,DON MACLEAY
18,TERENCE CANDELL,JOE TUMAN,DON PERATA
8,TERENCE CANDELL,JOE TUMAN,GREG HARLAND
23,TERENCE CANDELL,JOE TUMAN,JEAN QUAN
26,TERENCE CANDELL,JOE TUMAN,LARRY LIONEL ''LL'' YOUNG JR.
28,TERENCE CANDELL,JOE TUMAN,MARCIE HODGE
21,TERENCE CANDELL,JOE TUMAN,REBECCA KAPLAN
32,TERENCE CANDELL,LARRY LIONEL ''LL'' YOUNG JR.,-
18,TERENCE CANDELL,LARRY LIONEL ''LL'' YOUNG JR.,ARNOLD FIELDS
2,TERENCE CANDELL,LARRY LIONEL ''LL'' YOUNG JR.,DON MACLEAY
21,TERENCE CANDELL,LARRY LIONEL ''LL'' YOUNG JR.,DON PERATA
6,TERENCE CANDELL,LARRY LIONEL ''LL'' YOUNG JR.,GREG HARLAND
13,TERENCE CANDELL,LARRY LIONEL ''LL'' YOUNG JR.,JEAN QUAN
16,TERENCE CANDELL,LARRY LIONEL ''LL'' YOUNG JR.,JOE TUMAN
27,TERENCE CANDELL,LARRY LIONEL ''LL'' YOUNG JR.,MARCIE HODGE
42,TERENCE CANDELL,LARRY LIONEL ''LL'' YOUNG JR.,REBECCA KAPLAN
29,TERENCE CANDELL,MARCIE HODGE,-
11,TERENCE CANDELL,MARCIE HODGE,ARNOLD FIELDS
8,TERENCE CANDELL,MARCIE HODGE,DON MACLEAY
48,TERENCE CANDELL,MARCIE HODGE,DON PERATA
7,TERENCE CANDELL,MARCIE HODGE,GREG HARLAND
62,TERENCE CANDELL,MARCIE HODGE,JEAN QUAN
18,TERENCE CANDELL,MARCIE HODGE,JOE TUMAN
64,TERENCE CANDELL,MARCIE HODGE,LARRY LIONEL ''LL'' YOUNG JR.
49,TERENCE CANDELL,MARCIE HODGE,REBECCA KAPLAN
32,TERENCE CANDELL,REBECCA KAPLAN,-
7,TERENCE CANDELL,REBECCA KAPLAN,ARNOLD FIELDS
3,TERENCE CANDELL,REBECCA KAPLAN,DON MACLEAY
46,TERENCE CANDELL,REBECCA KAPLAN,DON PERATA
7,TERENCE CANDELL,REBECCA KAPLAN,GREG HARLAND
53,TERENCE CANDELL,REBECCA KAPLAN,JEAN QUAN
26,TERENCE CANDELL,REBECCA KAPLAN,JOE TUMAN
25,TERENCE CANDELL,REBECCA KAPLAN,LARRY LIONEL ''LL'' YOUNG JR.
43,TERENCE CANDELL,REBECCA KAPLAN,MARCIE HODGE
